,DetectionMode,LE,Dwell,SSNR (normal),SSNR (horizontal split),SSNR (vertical split),SNR (Joy),"SNR (Joy, horizontal split)"
24,ADF-STEM,28,100.0,4.368337968936375,67.74113528469486,2.675275129675182,2.8082290995496404,59.79958115673955
25,ADF-STEM,28,100.0,4.002008187677767,63.06630178365825,2.4248113438128196,2.4350164819474105,54.52309269042102
26,ADF-STEM,28,100.0,16.108511421056534,210.67656246295257,10.729208433165848,11.356752727413362,163.1893700660694
27,ADF-STEM,28,100.0,15.401605053183138,204.81023009140222,10.237052695338948,10.531097076169132,156.046972111733
28,ADF-STEM,28,200.0,4.335230616330626,23.086598445972555,2.844457918142038,2.5238856222244914,19.854589473231393
29,ADF-STEM,28,200.0,2.8664195982315706,16.45641905819286,1.7856606309280876,1.6898388616933118,15.095986799504395
30,ADF-STEM,28,200.0,5.896927223709938,30.034059645427867,3.974212554820352,3.970327835018453,27.925710457991126
31,ADF-STEM,28,200.0,5.874596292836791,30.152439097556027,3.954272838009004,3.871843202526698,27.614751434935528
44,ADF-STEM,28,300.0,5.808732202788987,21.183633916957792,4.067362307154505,4.0251094167877355,19.93140602272436
45,ADF-STEM,28,300.0,7.212585232240476,25.298309046690303,5.123473107984913,5.052825693319297,23.54908026756424
46,ADF-STEM,28,300.0,7.130633021885537,25.75258195029356,5.039750553132624,4.964877156811932,23.979189475079927
47,ADF-STEM,28,300.0,7.144758569546789,25.591994817810868,5.053804630113754,4.922267126920195,23.57358742303032
60,ADF-STEM,28,500.0,10.267827490361917,34.277619384074605,7.431685521329118,7.053235336518117,31.016578920520935
61,ADF-STEM,28,500.0,9.935291408334367,32.92944977405307,7.192505112393726,6.125205663667607,27.092026282049915
62,ADF-STEM,28,500.0,10.462422434317377,35.069553277902955,7.562534274987888,5.739315917579969,26.07494547976899
63,ADF-STEM,28,500.0,8.18169121228999,27.794534070686883,5.863992532547139,5.122824318822221,23.588703078501048
12,ADF-STEM,28,1000.0,14.946333232299455,46.71876372445075,11.056872601970474,10.04937239851663,40.188688247813
13,ADF-STEM,28,1000.0,14.576177256759184,45.53828287723012,10.785127994422927,9.924200728637047,39.735928032745335
14,ADF-STEM,28,1000.0,14.984951920164375,45.95076419690361,11.125730704667813,10.580870260869666,41.3127939867767
15,ADF-STEM,28,1000.0,13.849500785302887,42.77655350393562,10.267131326582353,9.514363752932752,37.64882814068436
16,ADF-STEM,28,1000.0,14.173572892667703,43.421555666258236,10.528465939200812,9.739847192263348,38.05531345636166
17,ADF-STEM,28,1000.0,12.754070198059631,39.29963051095188,9.447728910942574,8.99829536341741,35.54797971503412
18,ADF-STEM,28,1000.0,13.47598971126192,41.97922127518397,9.969930487424937,8.726339277291375,35.13855800831023
19,ADF-STEM,28,1000.0,15.074798602134894,46.299330530344164,11.214445133781268,10.867434120568191,42.22959008533819
20,ADF-STEM,28,1000.0,14.47869826119754,44.27495695717329,10.76626024529644,10.143618340289613,39.563347085360014
21,ADF-STEM,28,1000.0,14.702591656112244,45.42946544600059,10.91451348680205,10.405199232646229,40.8282615029709
22,ADF-STEM,28,1000.0,18.54369302344432,55.59150487471158,13.873537553838364,13.561302171619484,50.61366511480371
23,ADF-STEM,28,1000.0,18.344715910837103,55.91167228108853,13.69930625708923,13.05972798445595,49.710728388615436
32,ADF-STEM,28,3000.0,11.614697264512541,19.203965323576508,9.681479452498351,8.652180091912772,16.834515919833358
33,ADF-STEM,28,3000.0,10.37635716245601,17.190231779962204,8.62547234089305,7.102241510129096,14.049170763498589
34,ADF-STEM,28,3000.0,17.393307359712008,28.541891432834102,14.57913965020986,13.61984365044706,25.870115278706923
35,ADF-STEM,28,3000.0,19.279871915813075,31.611211152034002,16.14805808599397,9.504376847672074,18.45577270415305
36,ADF-STEM,28,3000.0,23.96943094340527,38.73004174723264,20.228619272192336,18.774455851602337,34.47758187451389
37,ADF-STEM,28,3000.0,25.634409179802216,41.526320684785986,21.605086246525026,14.857572626869388,27.814558544529937
38,ADF-STEM,28,3000.0,20.66006994637576,33.88551601897679,17.49073947647507,14.776354944803622,27.658927568618747
39,ADF-STEM,28,3000.0,20.864189292383255,34.08612806072915,17.75069093763642,16.04658133670126,29.850327109684688
40,ADF-STEM,28,3000.0,18.6936565922944,30.614688409733105,15.898551155538879,13.498335219213768,25.23198367465465
41,ADF-STEM,28,3000.0,18.924602963156858,31.009215511235507,16.072507278006412,15.42836967035393,28.82224838932507
42,ADF-STEM,28,3000.0,33.54891965028313,54.54250715432454,28.561625730677914,11.893761186977171,22.521335721602593
43,ADF-STEM,28,3000.0,26.779258523435324,43.7656295223622,22.812646798085606,10.575935342322943,20.186692200469587
48,ADF-STEM,28,5000.0,31.902411242382364,43.48261805608426,28.85010510785637,26.923991687149794,38.98449380352682
49,ADF-STEM,28,5000.0,16.86067891973131,23.206101627226737,15.179548233291273,13.878674309142937,20.768341849317373
50,ADF-STEM,28,5000.0,27.276855303559255,37.329728207824616,24.621067924599533,22.577132811387784,33.00598228834471
51,ADF-STEM,28,5000.0,20.735676634074416,28.448494870421875,18.78127820483919,17.721614328424685,26.11683011147295
52,ADF-STEM,28,5000.0,28.664467794039755,39.220380633985656,25.89485038736956,23.014415408050535,33.65925657250318
53,ADF-STEM,28,5000.0,36.17066911051908,48.92297048564924,32.79610692169738,23.12264939090763,33.429984944424945
54,ADF-STEM,28,5000.0,25.634157933003532,34.48855685701926,23.221819899294566,21.761559932574023,31.2126260087354
55,ADF-STEM,28,5000.0,24.89113679740299,33.63556064057391,22.57043816226066,19.43612073920699,28.205819217873824
56,ADF-STEM,28,5000.0,20.30621920911941,27.48415662955265,18.42794742430554,15.391218012730254,22.484660986813765
57,ADF-STEM,28,5000.0,20.0292506735946,27.11322519099102,18.182043891540562,16.28281063824076,23.718502979832415
58,ADF-STEM,28,5000.0,26.881315034471864,36.74081731258423,24.33940781008984,22.236879307505845,32.30860113280471
59,ADF-STEM,28,5000.0,17.16729653259102,23.49984563612704,15.50986514106939,13.58237656520023,20.097026501438624
0,ADF-STEM,28,10000.0,32.10866761451583,38.25486039832285,30.507995711014313,20.946243340191117,25.588753501430464
1,ADF-STEM,28,10000.0,26.856103408797775,32.21515976390877,25.44511666000709,21.658625221642986,26.72648085476422
2,ADF-STEM,28,10000.0,33.663984179126,40.492149518365714,31.953513078833865,27.9361400999173,34.1960529698235
3,ADF-STEM,28,10000.0,21.91278453437995,26.10818374917433,20.77794397973785,18.815031624057703,23.122601147824504
4,ADF-STEM,28,10000.0,47.43170679146114,56.06989457790168,45.338898644606836,35.55143668162682,42.28537755387841
5,ADF-STEM,28,10000.0,47.20877719387037,56.332791501067334,44.75894517228156,31.078540227465083,37.79531877428218
6,ADF-STEM,28,10000.0,36.00378902878754,42.33766951287716,34.329324642474894,29.052331385858388,34.674448240073175
7,ADF-STEM,28,10000.0,37.29678581757695,44.097849852348595,35.407567195995604,27.739407323493552,33.41799730224669
8,ADF-STEM,28,10000.0,29.922819009860753,35.14995763144271,28.39352503035977,24.689105774674697,29.68604951911098
9,ADF-STEM,28,10000.0,31.791108494798003,37.555265014994994,30.36058439831969,27.12053217756408,32.491025133474565
10,ADF-STEM,28,10000.0,42.138010562563906,49.49933184432052,40.005779728666255,28.284923509027976,33.87521751738928
11,ADF-STEM,28,10000.0,73.07065227201625,85.99184363458976,69.86999069500527,56.70467417406037,65.63563920777356
76,BSD,1.5,100.0,-0.14429944926267357,-0.3372586705014596,0.008967838033004272,0.05112332476318033,-0.33693260124628205
77,BSD,1.5,100.0,-0.1462331349426324,-0.3366848596976395,-0.024424677639878545,0.008157532407385093,-0.3363595763145886
78,BSD,1.5,100.0,-0.1457086769934019,-0.3378655816128435,-0.0018349520072039605,0.04031184213165978,-0.33753713791559764
79,BSD,1.5,100.0,-0.1454804992474025,-0.33728958752174654,-0.0067631510525614225,0.03715322795957708,-0.33695491985837406
80,BSD,1.5,100.0,-0.14538573320132253,-0.3387136782739363,0.0008242281322226042,0.04291773841372808,-0.3383708417501999
81,BSD,1.5,100.0,-0.1465088005281006,-0.3386924122157716,-0.006111134459559853,0.037138450601813436,-0.33834942849435956
82,BSD,1.5,100.0,-0.1449940771539991,-0.3379571145441409,0.006611995349705357,0.047612633725496546,-0.33763535287272733
83,BSD,1.5,200.0,-0.025207594793454025,-0.07162172985684684,-0.0021817372629187037,-0.00151766349964877,-0.0702163163036032
84,BSD,1.5,200.0,-0.024933379940639655,-0.07018858726923144,-0.0006714517066906955,4.240641675271847e-05,-0.06881042555845672
85,BSD,1.5,200.0,-0.02523693611082789,-0.07178204228302032,-0.0005277594652729478,0.0001506099016648488,-0.07031404683479152
86,BSD,1.5,200.0,-0.024586307509082417,-0.06972194981001834,0.0007137676840334173,0.0013643461744544591,-0.06830711483882239
87,BSD,1.5,200.0,-0.025049771626366152,-0.07236020216250749,-0.0002822562441098242,0.0005360523890806944,-0.07106285866140805
88,BSD,1.5,200.0,-0.025627613309797292,-0.07226219170032994,-0.0027515411739733042,-0.0020599677959873535,-0.07098851662456875
94,BSD,1.5,300.0,-0.03221122420935468,-0.09008242712782905,-0.00017581956533235799,0.00040920792466908043,-0.08869320938946589
95,BSD,1.5,300.0,-0.03180588643273627,-0.09012467344815833,0.0004207681069515745,0.001055858918016977,-0.0887550609003807
96,BSD,1.5,300.0,-0.03217006802017691,-0.09200181162483978,0.001122086078027329,0.0017366660658435621,-0.09069712439468451
97,BSD,1.5,300.0,-0.030866487174541546,-0.08991244856304309,0.0001109682559927716,0.0005461325348864295,-0.08877443499088142
98,BSD,1.5,300.0,-0.031824920829515324,-0.0913686644410775,0.0015121365096323336,0.0020556878190500956,-0.09002593112998734
99,BSD,1.5,300.0,-0.032221885002714334,-0.0918552691643964,0.0007523687137263035,0.0014566179043802648,-0.09050296126897521
106,BSD,1.5,500.0,-0.030720287042812183,-0.08961795650988624,0.0007558577862282201,0.00134554054972617,-0.08839274921007409
107,BSD,1.5,500.0,-0.0281442551089289,-0.08805588828908384,0.0036429558881462265,0.003282734409078644,-0.08752974273460859
108,BSD,1.5,500.0,-0.03313078328113325,-0.09503986031870704,0.0010483593008768777,0.0017709408080486932,-0.09365853134392639
109,BSD,1.5,500.0,-0.033115955484493004,-0.09408467109154711,-0.00021597677794032988,0.00036892904111229786,-0.09265274988836886
110,BSD,1.5,500.0,-0.03038069160600379,-0.0912004907274836,0.0035996063657421917,0.003748481226304275,-0.09029618223190525
111,BSD,1.5,500.0,-0.03318478564505328,-0.09513400887145484,-0.0009732501883567002,-0.0003502552329408816,-0.09384967302878168
70,BSD,1.5,1000.0,0.010293073771981631,-0.03327434723670625,0.03330299070993725,0.02139687458683737,-0.04352307854561295
71,BSD,1.5,1000.0,0.013572675334896034,-0.03167382261089502,0.03642584941464666,0.023423284770440984,-0.04296039137193768
72,BSD,1.5,1000.0,0.009963650427901038,-0.03435819794534378,0.03443700137579209,0.03421729219037802,-0.03371205058736499
73,BSD,1.5,1000.0,0.023473624421007866,-0.019921854181095044,0.04631582700825787,0.044537340397545505,-0.020601843587968623
74,BSD,1.5,1000.0,0.038118039277031,-0.004067086369164197,0.06283491131229557,0.041581778347753645,-0.023118457184645228
75,BSD,1.5,1000.0,0.021780144888327968,-0.0193367772407112,0.043301727336682694,0.04228364943555388,-0.019261297279538202
89,BSD,1.5,3000.0,1.0799391020780151,1.0092367097016288,1.120828603802577,1.0476298559372357,0.9418800397560596
90,BSD,1.5,3000.0,0.5511976446499939,0.5023334935405239,0.5762517096992019,0.5676559394456117,0.49611808317920125
91,BSD,1.5,3000.0,0.050125280875235434,0.014483109924081972,0.06857114150812649,0.06506128646545882,0.012003604783186787
92,BSD,1.5,3000.0,0.31494566244133315,0.2726082336713186,0.3373242143799987,0.31198443351228405,0.25017121735488806
93,BSD,1.5,3000.0,0.1892769673372121,0.15011221545259346,0.2114380850995451,0.18055998153252675,0.12191758780677907
100,BSD,1.5,5000.0,0.6553751799351324,0.5562417844087302,0.7099131490006134,0.6809859974122908,0.5323292809688878
101,BSD,1.5,5000.0,0.35085910381486984,0.2803134955036194,0.38996085909346634,0.3457415192242356,0.24057909857338533
102,BSD,1.5,5000.0,0.7261531208387046,0.6478716035200374,0.7690770712228765,0.7125264948047841,0.5970365990382526
103,BSD,1.5,5000.0,0.47582337919008555,0.4007103784686996,0.5166456695080086,0.5099606362673459,0.39650387196359244
104,BSD,1.5,5000.0,0.870737768822901,0.7819994060192901,0.916987514645756,0.6984730914282159,0.5816771039787872
105,BSD,1.5,5000.0,1.942672509091317,1.7975275253139795,2.0213188621275346,1.9681007729337396,1.7516930518402904
64,BSD,1.5,10000.0,4.615407410496524,4.317311565348907,4.778614572766621,4.7263038353063935,4.268609502986598
65,BSD,1.5,10000.0,3.2132683291663215,2.995049579780266,3.329148912481972,2.3164064865489284,2.0608545521068113
66,BSD,1.5,10000.0,4.8397797861190845,4.541118048548902,5.000378959651624,3.1978934494772298,2.878860036931079
67,BSD,1.5,10000.0,3.7076997575282786,3.4708144452632483,3.836930590458979,3.679499486664151,3.324036607472038
68,BSD,1.5,10000.0,0.8968794853770294,0.7925530284707833,0.9533583856496772,0.8629832729102903,0.7120601177229787
69,BSD,1.5,10000.0,1.9070252305375606,1.7533819476032955,1.9918665722934281,1.832042564966167,1.609408322969777
125,BSD-SB,1.5,100.0,-0.13917860312075767,-0.32632713138977987,-0.007549532034000717,0.011169061064093676,-0.32599163191850195
126,BSD-SB,1.5,100.0,-0.13860778676123842,-0.32653685415761324,0.005512589325738282,0.02701311756138854,-0.3262078363740904
127,BSD-SB,1.5,100.0,-0.13838789876608304,-0.32640695014737997,0.008612142296106406,0.03018446711430386,-0.32610951993289927
128,BSD-SB,1.5,100.0,-0.13761081641576686,-0.3250984273579391,0.00299303795093786,0.025514895291213074,-0.32482310069078235
129,BSD-SB,1.5,100.0,-0.13833859963556627,-0.3251568066228505,-0.0006487267058714608,0.020699441700092813,-0.324837142006723
130,BSD-SB,1.5,100.0,-0.13994487181772886,-0.3277091239736857,-0.0011180765222870148,0.019048464968980286,-0.3273546579402778
131,BSD-SB,1.5,100.0,-0.1364045480076855,-0.3228758988300639,0.006355070939486618,0.02682173860363136,-0.32253723335511547
132,BSD-SB,1.5,200.0,-0.031231393990160672,-0.0904897981527068,0.0011983397173930266,0.001954551051889806,-0.08896200797111108
133,BSD-SB,1.5,200.0,-0.029392851525012365,-0.08980783668316417,0.002537203378770392,0.00297412902911697,-0.08866083413977413
134,BSD-SB,1.5,200.0,-0.025778710024831286,-0.08625902504395316,0.007162911360284352,0.007612600463885897,-0.08513551827033164
135,BSD-SB,1.5,200.0,-0.033932757923609946,-0.09272390516807433,-0.004678731839565853,-0.004051901046121436,-0.09147997804690614
136,BSD-SB,1.5,200.0,-0.02537108887598341,-0.08434572978981353,0.006269717503726846,0.0069207687452144985,-0.08290910099528011
137,BSD-SB,1.5,200.0,-0.026626129797677395,-0.08717753524138622,0.006373093213460912,0.0065084489759628895,-0.08617380203103436
145,BSD-SB,1.5,300.0,-0.003848686120771827,-0.06729015111110209,0.03205580700858268,0.03044414846471299,-0.067872551268698
146,BSD-SB,1.5,300.0,-0.001996492450942189,-0.07146956346464589,0.037238791472345545,0.03357748745034187,-0.07392685339966422
147,BSD-SB,1.5,300.0,-0.02476551885270778,-0.09231513777571743,0.013576576917671224,0.013632733128590827,-0.09151964368108349
148,BSD-SB,1.5,300.0,-0.022003827470639586,-0.09023057811346086,0.01590709654774336,0.015458783276350413,-0.0898238202807363
149,BSD-SB,1.5,300.0,-0.013783389049558586,-0.07929020474713905,0.022212625522207596,0.021563675082243435,-0.07896039076120781
150,BSD-SB,1.5,300.0,-0.030161350096151673,-0.09743699923623395,0.007604862151056491,0.00795330753262642,-0.09640208530919069
158,BSD-SB,1.5,500.0,0.005569315810612374,-0.06727194573432765,0.04571543495902097,0.03337899140351786,-0.07731770581252219
159,BSD-SB,1.5,500.0,0.12543188456759774,0.04632785460869793,0.16818538997239685,0.1638228392393073,0.04364166643767806
160,BSD-SB,1.5,500.0,0.09348797594636937,0.015218310971983895,0.1367301113917715,0.11903065163132781,0.00020992705139976424
161,BSD-SB,1.5,500.0,0.1343193482970208,0.05408028653374963,0.17809461589870468,0.17159291276160527,0.04934058079917476
162,BSD-SB,1.5,500.0,0.1587809964704004,0.07853748889079193,0.2044272393823866,0.18072434413337443,0.05853647933617601
163,BSD-SB,1.5,500.0,0.07206195706876767,-0.0037159493162890467,0.11221711986648208,0.10915162531470272,-0.005674203486227676
118,BSD-SB,1.5,1000.0,1.2022934498395543,1.2895687615313745,1.1630791634996571,0.9128586394099476,1.02568350560256
119,BSD-SB,1.5,1000.0,0.30143965035426157,0.3339618456246881,0.2872592111708834,0.2831781132160729,0.3303133295477485
120,BSD-SB,1.5,1000.0,1.1712620811119896,1.2420276259044603,1.1406318413471797,0.9149207971350496,1.0073118693896088
121,BSD-SB,1.5,1000.0,0.8481379129650872,0.8988536610684383,0.8250906443132613,0.7938588873743037,0.8683871107376767
122,BSD-SB,1.5,1000.0,0.9625721521243225,1.027317994618463,0.9320195657631849,0.8680328832313033,0.9620276779292953
123,BSD-SB,1.5,1000.0,1.2294420802607502,1.3197202407561621,1.1852450432257051,1.141451066355807,1.27473597923926
124,BSD-SB,1.5,1000.0,0.45663729791071794,0.4909158058397165,0.4375304484504401,0.41027784459983785,0.46442775077005755
138,BSD-SB,1.5,3000.0,5.064160872425024,6.045028984482018,4.672871580239948,4.107265884173702,5.320181219853876
139,BSD-SB,1.5,3000.0,6.092872508009123,7.307818729104021,5.610904607015455,4.9088736596059475,6.4020779718541885
140,BSD-SB,1.5,3000.0,3.487102202105121,4.205300202167364,3.2034371146831817,3.0683741585412125,4.0268585219881325
141,BSD-SB,1.5,3000.0,4.519495213986927,5.397366443202426,4.17467305211875,4.157073164423629,5.353550323977233
142,BSD-SB,1.5,3000.0,7.338293190409541,8.77882451601732,6.79295379276194,6.278524005824639,8.082845922187845
143,BSD-SB,1.5,3000.0,5.645867206163165,6.862890941520628,5.187321228741073,4.49985645449656,5.961364835848895
144,BSD-SB,1.5,3000.0,1.1981925633513149,1.5300983706498736,1.0633719642617336,1.0018441550047217,1.4528388748953078
151,BSD-SB,1.5,5000.0,8.364550947972184,9.444206501561796,7.918767825497159,7.27137238682539,8.619748989055989
152,BSD-SB,1.5,5000.0,11.151045007227077,12.657550857922102,10.553762874779173,9.858862839410751,11.73412851421772
153,BSD-SB,1.5,5000.0,6.166995069461933,6.951462450626947,5.844051694398002,5.658216781518883,6.697804251455899
154,BSD-SB,1.5,5000.0,10.00528643288541,11.367173917426962,9.45176173655769,7.446463390782709,8.933610081250473
155,BSD-SB,1.5,5000.0,11.894451892783739,13.431297837653815,11.291862658423788,10.770345476065382,12.705819108660434
156,BSD-SB,1.5,5000.0,3.4596685834544654,3.964376992120328,3.244096547955417,2.9634995545419414,3.6204015127211497
157,BSD-SB,1.5,5000.0,8.562418308896797,9.659079835761926,8.122855853690284,7.9721503686354325,9.4232554983918
112,BSD-SB,1.5,10000.0,10.412593993873477,10.968872002976589,10.162217856470935,9.654397688895646,10.343713299964408
113,BSD-SB,1.5,10000.0,11.966911335510563,12.6306397076539,11.682629699632184,11.132510571780847,11.934370073889994
114,BSD-SB,1.5,10000.0,14.903575325198165,15.64060632487137,14.594628679228167,13.014304185833359,13.821886692491566
115,BSD-SB,1.5,10000.0,15.038342175794446,15.844878237806778,14.671033376796787,13.96597388231465,14.931393329349335
116,BSD-SB,1.5,10000.0,35.30667664038452,37.16373369768433,34.460677091900294,33.4426426806057,35.17587434252718
117,BSD-SB,1.5,10000.0,34.785077208164175,36.54416709159129,34.17496345574188,30.933221477267303,32.23400854164948
174,OSTEM,4,100.0,0.7602287977091426,17.35543860472911,0.212255597332774,0.20596220462428907,16.690707665835475
175,OSTEM,4,100.0,1.2507167299965343,22.71304504454507,0.549690522370524,0.44146482798893216,20.250751440987198
176,OSTEM,4,100.0,0.8059672908109359,17.964168374886427,0.2433967811942671,0.18046021723530337,16.44548959621588
177,OSTEM,4,100.0,0.8717682893596574,18.68047054513808,0.2885867966211111,0.2541376368771303,17.569462842729262
178,OSTEM,4,100.0,0.8233563199917748,18.1474717360386,0.2553905812261824,0.2000781712349972,16.718885641903217
179,OSTEM,4,200.0,0.8748107830818823,6.382029345214669,0.36607902573351525,0.364227035258042,6.28285686159294
180,OSTEM,4,200.0,0.7226922369123361,5.777134368213197,0.2547182304241584,0.22187912199332094,5.527496312771169
181,OSTEM,4,200.0,1.132835412206544,7.37714726812887,0.5540731663003113,0.5288716421130079,7.137911204071604
182,OSTEM,4,200.0,0.6435457806659556,5.488397111357196,0.1968295430357585,0.1853343351811897,5.3576833741752345
183,OSTEM,4,200.0,0.8519905322758341,6.287546589617666,0.3491462549662827,0.3020115748919361,5.953651986649669
189,OSTEM,4,300.0,0.6013215556979656,3.061326391575681,0.22866949994100083,0.21992491032049266,3.012152348535014
190,OSTEM,4,300.0,0.9634491462345196,3.946816500190776,0.5085380023451336,0.468426193159765,3.7863337724363357
191,OSTEM,4,300.0,0.5819108937235198,2.98776023664875,0.21519263079225004,0.18128311290563281,2.8588484711402318
192,OSTEM,4,300.0,0.6330400315748999,3.12207493019136,0.25448665092813016,0.23445723840180197,3.0349637291999323
193,OSTEM,4,300.0,0.609130198221855,3.0596763339792434,0.23629490444897672,0.22179266315521018,2.9884797842039497
199,OSTEM,4,500.0,0.5094938134078706,1.5869409033471435,0.24915128437277823,0.2236239587175299,1.5294913760685425
200,OSTEM,4,500.0,0.5086217371723101,1.5832150186595193,0.24870474673987764,0.21168575684145824,1.5022824339442293
201,OSTEM,4,500.0,0.5458743931294715,1.6422274482500252,0.279909695040956,0.24790274454193745,1.5715206028232507
202,OSTEM,4,500.0,0.48458780824751835,1.5476731812714113,0.22828824068376707,0.2072624363930672,1.498541565632949
203,OSTEM,4,500.0,0.4933106271918829,1.5673970528519257,0.2351955987322314,0.21118716804382784,1.5130193290828
169,OSTEM,4,1000.0,0.3978041131510729,0.772184153399357,0.2654144954551583,0.2106653272109695,0.6955411086424619
170,OSTEM,4,1000.0,0.5292939350728226,0.9389415533563772,0.3841200107575098,0.2973047649809884,0.817675442292904
171,OSTEM,4,1000.0,0.4033000138775493,0.7767450504670022,0.2703030324542083,0.21202857938350106,0.6954735322058354
172,OSTEM,4,1000.0,0.5366746724452467,0.953740857637362,0.3882258346975572,0.28985467443297236,0.8150439434937349
173,OSTEM,4,1000.0,0.7101450743434058,1.1650334659912664,0.5467857047988325,0.4126311754796585,0.9771034988695573
184,OSTEM,4,3000.0,0.7272353004599591,0.8222335002068935,0.6831581930852577,0.5731667950246672,0.7037998663488185
185,OSTEM,4,3000.0,0.9732694482758883,1.0821526285881022,0.9198818119037975,0.815986382668257,0.9701432459163719
186,OSTEM,4,3000.0,0.580906048009413,0.6711629653022695,0.5387019981091525,0.4256167721258624,0.5497995040308566
187,OSTEM,4,3000.0,0.7530354701163433,0.8527251553221136,0.7049880658179204,0.6332714162551735,0.7754163211451107
188,OSTEM,4,3000.0,0.9754349248858796,1.085329429486823,0.9243224670345846,0.6940251474727385,0.8371040624536408
194,OSTEM,4,5000.0,0.8766515326996689,0.9144517699908805,0.858539864187823,0.5560313407306927,0.6044708150303952
195,OSTEM,4,5000.0,1.5802951128897738,1.6389273815848941,1.5530470887355827,1.1791474196496579,1.2541044711139344
196,OSTEM,4,5000.0,2.3422848100615505,2.418285574545955,2.3037707098078823,1.6401884207364397,1.7346125067699263
197,OSTEM,4,5000.0,0.7989323432329094,0.8352082166775547,0.7833284773723805,0.5150501838625557,0.5590070508786487
198,OSTEM,4,5000.0,1.2844974826562408,1.3329393147886355,1.2623938141534556,0.7132809869195118,0.7686856397350079
164,OSTEM,4,10000.0,1.6090513391247097,1.6584147636475715,1.5851385796800348,1.3490206738025876,1.4153034530896944
165,OSTEM,4,10000.0,3.3804021563665203,3.4578550638940357,3.3430427086478995,3.064007898899596,3.165736404661498
166,OSTEM,4,10000.0,2.7319978039817587,2.7919015188869287,2.7000162256179783,2.3486463449860526,2.4282153078097326
167,OSTEM,4,10000.0,1.3746816698566797,1.4098843093129394,1.3561103502008547,1.2448277327944903,1.2949978233425685
168,OSTEM,4,10000.0,1.452786748575393,1.4974338107583014,1.4322007790449223,1.2576179841394994,1.318127292138981
214,SE,1.5,100.0,0.5352451105813127,1.4889899996498255,0.3052443502422738,14.66705669895445,1.211735303597585
215,SE,1.5,100.0,0.6378530184787621,1.661795466438007,0.39152205471768486,14.721577583681094,1.323876268144144
216,SE,1.5,100.0,0.5920669645169598,1.5808493295532093,0.3542097974670353,14.666158615445873,1.2194590189078423
217,SE,1.5,100.0,0.5305987608218407,1.4855118046487885,0.3013378621252546,14.652622769680507,1.1916144322769913
218,SE,1.5,100.0,0.5668199461136796,1.5388241793349393,0.3306956613676464,14.66660268383549,1.220571102973062
219,SE,1.5,200.0,0.43116676075269167,0.7282229517901002,0.33865483234888716,14.66194979063868,0.5647630213005423
220,SE,1.5,200.0,0.467723756811099,0.7720359655146418,0.37387428339773177,14.685740842476802,0.6060421964719931
221,SE,1.5,200.0,0.4397770192880497,0.7400160144533177,0.3461609802060668,14.649029779090176,0.5710689439378942
222,SE,1.5,200.0,0.43403360973968896,0.7333949706217808,0.3423257932102367,14.652773228208686,0.567286977380875
223,SE,1.5,200.0,0.41684407690612757,0.7108045176110112,0.32636172284315257,14.65539211385948,0.5606889865358331
229,SE,1.5,300.0,0.5227104920617499,0.7097075355341007,0.46282613375475756,14.760911722754779,0.5634757582116581
230,SE,1.5,300.0,0.36287672552597583,0.5302389685506157,0.30968423614348295,14.649649104789514,0.43653528347167797
231,SE,1.5,300.0,0.44828224234667136,0.6263051695517021,0.39258831986879505,14.676999034250592,0.466566330356937
232,SE,1.5,300.0,0.40916202900964327,0.5805851414989915,0.35465231984384593,14.686098613474954,0.4726828507927786
233,SE,1.5,300.0,0.3703800284887314,0.5355891169965499,0.31837491767501525,14.658944900159383,0.44512801044160183
239,SE,1.5,500.0,0.7654386857363715,1.0221467430174305,0.6962504786123549,14.71131936576216,0.5245257539587715
240,SE,1.5,500.0,0.8730302852397358,1.1349255015751065,0.8021795793596451,14.745438853102181,0.5638112872254281
241,SE,1.5,500.0,0.7614799080082493,1.011604849906619,0.6939213380436011,14.734264888619911,0.5449881052548684
242,SE,1.5,500.0,0.6548177096358534,0.8904744738615584,0.5921628063950661,14.658167429121324,0.46265190066040596
243,SE,1.5,500.0,0.8956506922015768,1.165861350335563,0.8221989039163844,14.743003972184162,0.5614946865238758
209,SE,1.5,1000.0,0.4229984816888035,0.5176397421059942,0.39483324960524435,15.094777636287933,0.4504432914749507
210,SE,1.5,1000.0,0.42839339146451016,0.5224469366661719,0.399921310968529,15.10859148898726,0.46125502598533646
211,SE,1.5,1000.0,0.5635871428318086,0.6661543943589923,0.5341603531617309,15.166112451556693,0.5218605302219075
212,SE,1.5,1000.0,0.40453340899698353,0.49657997738282356,0.3770675469611273,15.102875873933398,0.4588428707511633
213,SE,1.5,1000.0,0.5512398148484977,0.6528676121983761,0.5208212006924273,15.20440209676704,0.5743103440279013
224,SE,1.5,3000.0,2.734175454360029,3.0206701427125835,2.6848207779650517,16.930031752593464,2.4293542188908885
225,SE,1.5,3000.0,1.0819378030663187,1.2357302146748201,1.055521695559599,15.51176296774774,0.9000383213898919
226,SE,1.5,3000.0,1.0171069994988586,1.1670098528145365,0.991489062099816,15.418577341451828,0.8005988624014777
227,SE,1.5,3000.0,1.0981098412480792,1.2549165852740265,1.0706949353220536,15.493856962743038,0.8868277426521337
228,SE,1.5,3000.0,0.7985222865917345,0.9293103367949513,0.7747467159653196,15.338093209792707,0.7025584759177158
234,SE,1.5,5000.0,2.521024506180545,3.0697773557533994,2.405770437709388,16.37661899643909,2.080217139537746
235,SE,1.5,5000.0,2.7754303405304594,3.3648543737418923,2.655074490724938,16.368464238304544,2.0605342855458755
236,SE,1.5,5000.0,1.9315831353457567,2.384637761296796,1.8395578559860648,15.877313857822287,1.475680646929372
237,SE,1.5,5000.0,3.4945787072640755,4.201804424214467,3.3568851558207777,16.828313154252825,2.6024256835645754
238,SE,1.5,5000.0,2.264915440229579,2.778423146580771,2.1570842800422527,16.268336831551025,1.9484413434202101
204,SE,1.5,10000.0,5.483473467421898,6.320020805225612,5.503348853945122,20.238247132078293,6.087102053645417
205,SE,1.5,10000.0,2.5347410147221234,2.979906573773354,2.5375219082791713,16.709396261088088,2.2404841900321575
206,SE,1.5,10000.0,3.1245286631073514,3.640275722880534,3.1229583808550343,17.198214345054808,2.7869144200692015
207,SE,1.5,10000.0,4.290475737443682,4.949348869182052,4.297442202822657,17.98981418973736,3.638404359619189
208,SE,1.5,10000.0,3.3080010803752886,3.8463805886210247,3.3118978943674917,17.193751737974335,2.767999362989125
